frase,emoji
Estoy feliz y emocionado,ğŸ˜Š
Que triste dÃ­a,ğŸ˜¢
Estoy muy enojado,ğŸ˜¡
Esto es tan divertido,ğŸ˜‚
Necesito un cafÃ©,â˜•
Quiero un descanso,ğŸ˜´
Te amo mucho,ğŸ’•
Hoy fue un gran dÃ­a,ğŸŒŸ
Estoy tan aburrido,ğŸ˜’
QuÃ© hermosa maÃ±ana,ğŸŒ…
Tengo mucho trabajo,ğŸ“š
No me gusta esta pelÃ­cula,ğŸ‘
El cielo estÃ¡ tan bonito,â˜ï¸
Me siento increÃ­blemente motivado,ğŸ”¥
Quiero comer algo delicioso,ğŸ”
El trÃ¡fico es insoportable,ğŸš—
Me encantan los dÃ­as lluviosos,ğŸŒ§ï¸
Estoy cansado de todo,ğŸ˜”
Es hora de una aventura,ğŸï¸
Estoy muy agradecido,ğŸ™
Necesito concentrarme mÃ¡s,ğŸ“–
La mÃºsica me relaja,ğŸµ
No entiendo esta tarea,â“
Es un dÃ­a perfecto para leer,ğŸ“š
Tengo ganas de viajar,âœˆï¸
Esta comida es deliciosa,ğŸ•
Quiero aprender algo nuevo,ğŸ“˜
No puedo dejar de reÃ­r,ğŸ¤£
Estoy un poco confundido,ğŸ¤”
Es un gran momento para reflexionar,ğŸ§˜
OjalÃ¡ pudiera dormir mÃ¡s,ğŸ’¤
Estoy ansioso por el futuro,ğŸ˜°
Todo es tan interesante aquÃ­,ğŸ”
Siento que no tengo energÃ­a,ğŸ˜ª
Este lugar es maravilloso,ğŸŒˆ
No tengo ganas de salir hoy,ğŸ 
Quiero una taza de tÃ©,ğŸµ
Hoy quiero ser productivo,ğŸ–Šï¸
Es tan emocionante este evento,ğŸ‰
Tengo ganas de llorar,ğŸ˜­
La naturaleza es impresionante,ğŸŒ³
Estoy tan orgulloso de ti,ğŸŒŸ
Hoy fue un dÃ­a difÃ­cil,ğŸ¥²
Me siento amado,â¤ï¸
QuÃ© gran logro,ğŸ†
Necesito resolver este problema,ğŸ§©
Quiero descansar un poco,ğŸ›Œ
Estoy inspirado,âœ¨
Es momento de celebrar,ğŸŠ
Quiero probar algo diferente,ğŸ§ª
